CREATE DATABASE IF NOT EXISTS study_service_db;
USE study_service_db;

CREATE TABLE `student` (
  `id` int(11) NOT NULL,
  `nume` varchar(100) NOT NULL,
  `prenume` varchar(100) NOT NULL,
  `email` varchar(100) NOT NULL,
  `ciclu_studii` enum('licenta','master') NOT NULL,
  `an_studiu` int(11) NOT NULL,
  `grupa` int(11) NOT NULL,
  PRIMARY KEY (`id`),
  UNIQUE KEY `student_unique` (`email`)
) ENGINE=InnoDB DEFAULT CHARSET=utf8mb4 COLLATE=utf8mb4_uca1400_ai_ci;

CREATE TABLE `profesor` (
  `id` int(11) NOT NULL,
  `nume` varchar(100) NOT NULL,
  `prenume` varchar(100) NOT NULL,
  `email` varchar(100) NOT NULL,
  `grad_didactic` enum('asist','sef lucr','conf','prof') DEFAULT NULL,
  `tip_asociere` enum('titular','asociat','extern') NOT NULL,
  `afiliere` varchar(100) DEFAULT NULL,
  PRIMARY KEY (`id`),
  UNIQUE KEY `profesor_unique` (`email`)
) ENGINE=InnoDB DEFAULT CHARSET=utf8mb4 COLLATE=utf8mb4_uca1400_ai_ci;

CREATE TABLE `disciplina` (
  `cod` varchar(10) NOT NULL,
  `id_titular` int(11) DEFAULT NULL,
  `nume_disciplina` varchar(100) NOT NULL,
  `an_studiu` int(11) NOT NULL,
  `tip_disciplina` enum('impusa','optionala','liber_aleasa') NOT NULL,
  `categorie_disciplina` enum('domeniu','specialitate','adiacenta') NOT NULL,
  `tip_examinare` enum('examen','colocviu') NOT NULL,
  PRIMARY KEY (`cod`),
  KEY `disciplina_profesor_FK` (`id_titular`),
  CONSTRAINT `disciplina_profesor_FK` FOREIGN KEY (`id_titular`) REFERENCES `profesor` (`id`)
) ENGINE=InnoDB DEFAULT CHARSET=utf8mb4 COLLATE=utf8mb4_uca1400_ai_ci;

CREATE TABLE `join_ds` (
  `DisciplinaID` varchar(10) NOT NULL,
  `StudentID` int(11) NOT NULL,
  PRIMARY KEY (`DisciplinaID`,`StudentID`),
  KEY `join_ds_student_FK` (`StudentID`),
  CONSTRAINT `join_ds_disciplina_FK` FOREIGN KEY (`DisciplinaID`) REFERENCES `disciplina` (`cod`),
  CONSTRAINT `join_ds_student_FK` FOREIGN KEY (`StudentID`) REFERENCES `student` (`id`)
) ENGINE=InnoDB DEFAULT CHARSET=utf8mb4 COLLATE=utf8mb4_uca1400_ai_ci;

INSERT INTO `student` (`id`, `nume`, `prenume`, `email`, `ciclu_studii`, `an_studiu`, `grupa`) VALUES
    (3, 'Georgita', 'Adrian', 'student@gmail.com', 'licenta', 4, 1409),
    (4, 'Vasilescu', 'Mihai', 'mihai.vasilescu@email.com', 'licenta', 1, 1101),
    (5, 'Ionescu', 'Maria', 'maria.ionescu@email.com', 'licenta', 1, 1102),
    (6, 'Popa', 'Adrian', 'adrian.popa@email.com', 'licenta', 1, 1103),
    (7, 'Petrescu', 'Elena', 'elena.petrescu@email.com', 'licenta', 1, 1104),
    (8, 'Radu', 'Andrei', 'andrei.radu@email.com', 'licenta', 2, 1201),
    (9, 'Dumitru', 'Ioana', 'ioana.dumitru@email.com', 'licenta', 2, 1202),
    (10, 'Stan', 'Bogdan', 'bogdan.stan@email.com', 'licenta', 2, 1203),
    (11, 'Nistor', 'Alina', 'alina.nistor@email.com', 'licenta', 2, 1204),
    (12, 'Cristea', 'Tiberiu', 'tiberiu.cristea@email.com', 'licenta', 3, 1301),
    (13, 'Neagu', 'Alexandru', 'alexandru.neagu@email.com', 'licenta', 3, 1302),
    (14, 'Pavel', 'Larisa', 'larisa.pavel@email.com', 'licenta', 3, 1303),
    (15, 'Mihaila', 'Oana', 'oana.mihaila@email.com', 'licenta', 3, 1304),
    (16, 'Vlad', 'Stefan', 'stefan.vlad@email.com', 'licenta', 4, 1401),
    (17, 'Ion', 'Simona', 'simona.ion@email.com', 'licenta', 4, 1402),
    (18, 'Stoica', 'Vlad', 'vlad.stoica@email.com', 'licenta', 4, 1403),
    (19, 'Roman', 'Roxana', 'roxana.roman@email.com', 'licenta', 4, 1404),
    (20, 'Enache', 'Gabriel', 'gabriel.enache@email.com', 'master', 1, 1101),
    (21, 'Anghel', 'Claudia', 'claudia.anghel@email.com', 'master', 1, 1102),
    (22, 'Marinescu', 'Florin', 'florin.marinescu@email.com', 'master', 1, 1103),
    (23, 'Lupu', 'Cosmin', 'cosmin.lupu@email.com', 'master', 1, 1104),
    (24, 'Gheorghe', 'Anca', 'anca.gheorghe@email.com', 'master', 2, 1201),
    (25, 'Cojocaru', 'Ioan', 'ioan.cojocaru@email.com', 'master', 2, 1202),
    (26, 'Dima', 'Radu', 'radu.dima@email.com', 'master', 2, 1203),
    (27, 'Munteanu', 'Denisa', 'denisa.munteanu@email.com', 'master', 2, 1204),
    (28, 'Popescu', 'Viorica', 'viorica.popescu@email.com', 'master', 3, 1301),
    (29, 'Sima', 'Mihail', 'mihail.sima@email.com', 'master', 3, 1302),
    (30, 'Jipa', 'Mihnea', 'mihnea.jipa@email.com', 'master', 3, 1303),
    (31, 'Grigore', 'Alexandra', 'alexandra.grigore@email.com', 'master', 3, 1304),
    (32, 'Negru', 'Ion', 'ion.negru@email.com', 'master', 4, 1401),
    (33, 'Tataru', 'Lavinia', 'lavinia.tataru@email.com', 'master', 4, 1402),
    (34, 'Savu', 'Ilie', 'ilie.savu@email.com', 'master', 4, 1403),
    (35, 'Costache', 'Lucian', 'lucian.costache@email.com', 'master', 4, 1404),
    (36, 'Serban', 'Laura', 'laura.serban@email.com', 'licenta', 1, 1101),
    (37, 'Vasilache', 'Ionut', 'ionut.vasilache@email.com', 'licenta', 1, 1102),
    (38, 'Balan', 'Adela', 'adela.balan@email.com', 'licenta', 1, 1103),
    (39, 'Lungu', 'Florin', 'florin.lungu@email.com', 'licenta', 2, 1201),
    (40, 'Sora', 'Lia', 'lia.sora@email.com', 'licenta', 2, 1202),
    (41, 'Dima', 'Andreea', 'andreea.dima@email.com', 'licenta', 2, 1203),
    (42, 'Vasilescu', 'Gabriela', 'gabriela.vasilescu@email.com', 'licenta', 2, 1204),
    (43, 'Stanca', 'Catalin', 'catalin.stanca@email.com', 'licenta', 3, 1301),
    (44, 'Baciu', 'Mircea', 'mircea.baciu@email.com', 'licenta', 3, 1302),
    (45, 'Mocanu', 'Cristina', 'cristina.mocanu@email.com', 'licenta', 3, 1303),
    (46, 'Iordache', 'Radu', 'radu.iordache@email.com', 'licenta', 3, 1304),
    (47, 'Rotaru', 'Sorin', 'sorin.rotaru@email.com', 'master', 1, 1101),
    (48, 'Lungu', 'Ovidiu', 'ovidiu.lungu@email.com', 'master', 1, 1102),
    (49, 'Sorescu', 'Aurelia', 'aurelia.sorescu@email.com', 'master', 1, 1103),
    (50, 'Barbu', 'Emilia', 'emilia.barbu@email.com', 'master', 1, 1104);

INSERT INTO `profesor` (`id`, `nume`, `prenume`, `email`, `grad_didactic`, `tip_asociere`, `afiliere`) VALUES
    (51, 'Popescu', 'Ion', 'ion.popescu@email.com', 'asist', 'titular', 'Facultatea de Automatica si Calculatoare'),
    (52, 'Ionescu', 'Maria', 'maria.ionescu2@email.com', 'sef lucr', 'asociat', 'Facultatea de Automatica si Calculatoare'),
    (53, 'Vasilescu', 'Gheorghe', 'gheorghe.vasilescu@email.com', 'prof', 'titular', 'Facultatea de Informatica'),
    (54, 'Mihaila', 'Lavinia', 'lavinia.mihaila@email.com', 'conf', 'extern', 'Facultatea de Automatica si Calculatoare'),
    (55, 'Radu', 'Tiberiu', 'tiberiu.radu@email.com', 'asist', 'titular', 'Facultatea de Matematica'),
    (56, 'Stoica', 'Adrian', 'adrian.stoica@email.com', 'prof', 'asociat', 'Facultatea de Informatica'),
    (57, 'Dumitru', 'Alexandru', 'alexandru.dumitru@email.com', 'conf', 'extern', 'Facultatea de Automatica si Calculatoare'),
    (58, 'Neagu', 'Ioana', 'ioana.neagu@email.com', 'sef lucr', 'titular', 'Facultatea de Matematica'),
    (59, 'Constantinescu', 'Violeta', 'violeta.constantinescu@email.com', 'asist', 'asociat', 'Facultatea de Automatica si Calculatoare'),
    (60, 'Cristea', 'Florin', 'florin.cristea@email.com', 'prof', 'titular', 'Facultatea de Informatica'),
    (61, 'Roman', 'Gabriel', 'gabriel.roman@email.com', 'conf', 'extern', 'Facultatea de Automatica si Calculatoare'),
    (62, 'Balan', 'Mihail', 'mihail.balan@email.com', 'sef lucr', 'asociat', 'Facultatea de Matematica'),
    (63, 'Lupu', 'Denisa', 'denisa.lupu@email.com', 'asist', 'titular', 'Facultatea de Automatica si Calculatoare'),
    (64, 'Sora', 'Radu', 'radu.sora@email.com', 'conf', 'extern', 'Facultatea de Informatica'),
    (65, 'Tataru', 'Florentina', 'florentina.tataru@email.com', 'prof', 'asociat', 'Facultatea de Automatica si Calculatoare'),
    (66, 'Grigore', 'Anca', 'anca.grigore@email.com', 'asist', 'titular', 'Facultatea de Matematica'),
    (67, 'Savu', 'Marian', 'marian.savu@email.com', 'prof', 'extern', 'Facultatea de Informatica'),
    (68, 'Anghel', 'Lucian', 'lucian.anghel@email.com', 'sef lucr', 'asociat', 'Facultatea de Automatica si Calculatoare'),
    (69, 'Munteanu', 'Ioana', 'ioana.munteanu@email.com', 'asist', 'titular', 'Facultatea de Informatica'),
    (70, 'Iordache', 'Oana', 'oana.iordache@email.com', 'conf', 'extern', 'Facultatea de Matematica'),
    (71, 'Serban', 'Roxana', 'roxana.serban@email.com', 'prof', 'asociat', 'Facultatea de Automatica si Calculatoare'),
    (72, 'Pavel', 'Cristian', 'cristian.pavel@email.com', 'asist', 'titular', 'Facultatea de Informatica'),
    (73, 'Vlad', 'Carmen', 'carmen.vlad@email.com', 'sef lucr', 'extern', 'Facultatea de Matematica'),
    (74, 'Mocanu', 'Florin', 'florin.mocanu@email.com', 'conf', 'asociat', 'Facultatea de Automatica si Calculatoare'),
    (75, 'Popa', 'Elena', 'elena.popa@email.com', 'prof', 'titular', 'Facultatea de Informatica'),
    (2, 'Popescu', 'Andrei', 'prof@gmail.com', 'prof', 'titular', 'Facultatea de Automatica si Calculatoare');


INSERT INTO `disciplina` (`cod`, `id_titular`, `nume_disciplina`, `an_studiu`, `tip_disciplina`, `categorie_disciplina`, `tip_examinare`) VALUES
  ('TI.DD.101', 51, 'Algebra', 1, 'impusa', 'domeniu', 'examen'),
  ('TI.DD.102', 52, 'Analiza Matematica', 1, 'impusa', 'domeniu', 'examen'),
  ('TI.DD.103', 53, 'Fizica', 1, 'impusa', 'domeniu', 'examen'),
  ('TI.DD.104', 54, 'Bazele Informaticii', 1, 'impusa', 'domeniu', 'colocviu'),
  ('TI.DD.105', 2, 'Programarea Calculatoarelor', 1, 'impusa', 'domeniu', 'examen'),
  ('TI.DD.106', 55, 'Grafica Asistata de Calculator', 1, 'impusa', 'domeniu', 'colocviu'),
  ('TI.DD.107', 56, 'Matematici Speciale', 1, 'impusa', 'domeniu', 'examen'),
  ('TI.DD.108', 57, 'Metode Numerice', 1, 'impusa', 'domeniu', 'examen'),
  ('TI.DD.109', 58, 'Structuri de Date', 1, 'impusa', 'domeniu', 'examen'),
  ('TI.DD.110', 59, 'Proiectare Logica', 1, 'impusa', 'domeniu', 'examen'),
  ('TI.DD.111', 60, 'Matematici Discrete', 1, 'impusa', 'domeniu', 'examen'),
  ('TI.DD.112', 61, 'Electrotehnica', 1, 'impusa', 'domeniu', 'colocviu'),
  ('TI.DD.113', 62, 'Limba Engleza', 1, 'impusa', 'adiacenta', 'colocviu'),
  ('TI.DD.114', 63, 'Educatie Fizica si Sport', 1, 'impusa', 'adiacenta', 'colocviu'),
  ('TI.DL.115', 64, 'Complemente de Matematica', 1, 'liber_aleasa', 'specialitate', 'colocviu'),
  ('TI.DL.116', 65, 'Complemente de Programare 1', 1, 'liber_aleasa', 'specialitate', 'colocviu'),

  ('TI.DD.201', 66, 'Statistica si Prelucrarea Datelor', 2, 'impusa', 'domeniu', 'colocviu'),
  ('TI.DD.202', 67, 'Dispozitive Electronice si Electronica Analogica', 2, 'impusa', 'domeniu', 'colocviu'),
  ('TI.DD.203', 68, 'Electronica Digitala', 2, 'impusa', 'domeniu', 'examen'),
  ('TI.DD.204', 69, 'Teoria Sistemelor', 2, 'impusa', 'domeniu', 'examen'),
  ('TI.DD.205', 2, 'Programare Orientata pe Obiecte', 2, 'impusa', 'domeniu', 'examen'),
  ('TI.DS.206', 70, 'Programare in Limbaj de Asamblare', 2, 'impusa', 'domeniu', 'examen'),
  ('TI.DD.207', 71, 'Proiectarea Algoritmilor', 2, 'impusa', 'domeniu', 'examen'),
  ('TI.DD.208', 72, 'Arhitectura Calculatoarelor', 2, 'impusa', 'domeniu', 'examen'),
  ('TI.DD.209', 73, 'Sisteme de Operare', 2, 'impusa', 'domeniu', 'examen'),
  ('TI.DD.210', 74, 'Paradigme de Programare', 2, 'impusa', 'domeniu', 'examen'),
  ('TI.DS.211', 75, 'Proiectarea Sistemelor Digitale', 2, 'impusa', 'domeniu', 'examen'),
  ('TI.DS.212', 2, 'Proiectarea Aplicatiilor Orientate pe Obiecte', 2, 'impusa', 'domeniu', 'colocviu'),
  ('TI.DD.213', 51, 'Cultura si Civilizatie Europeana', 2, 'impusa', 'adiacenta', 'colocviu'),
  ('TI.DD.214', 52, 'Limba Engleza', 2, 'impusa', 'adiacenta', 'colocviu'),
  ('TI.DD.215', 53, 'Educatie Fizica si Sport', 2, 'impusa', 'adiacenta', 'colocviu'),
  ('TI.DL.219', 54, 'Complemente de Programare II', 2, 'liber_aleasa', 'specialitate', 'colocviu'),

  ('TI.DD.301', 55, 'Modelare si Simulare', 3, 'impusa', 'domeniu', 'examen'),
  ('TI.DD.302', 56, 'Prelucrarea Imaginilor', 3, 'impusa', 'domeniu', 'examen'),
  ('TI.DD.303', 57, 'Structura si Organizarea Calculatoarelor', 3, 'impusa', 'domeniu', 'examen'),
  ('TI.DD.304', 58, 'Achizitia si Prelucrarea Datelor', 3, 'impusa', 'domeniu', 'examen'),
  ('TI.DD.305', 59, 'Retele de Calculatoare', 3, 'impusa', 'domeniu', 'examen'),
  ('TI.DD.306', 60, 'Baze de Date', 3, 'impusa', 'domeniu', 'colocviu'),
  ('TI.DS.307', 61, 'Sisteme cu Microprocesoare', 3, 'impusa', 'specialitate', 'examen'),
  ('TI.DD.308', 62, 'Sisteme de Prelucrare Grafica', 3, 'impusa', 'domeniu', 'examen'),
  ('TI.DS.309', 63, 'Sisteme Distribuite', 3, 'impusa', 'specialitate', 'examen'),
  ('TI.DD.310', 64, 'Ingineria Programarii', 3, 'impusa', 'domeniu', 'examen'),
  ('TI.DS.311', 65, 'Limbaje Formale si Translatoare', 3, 'impusa', 'specialitate', 'examen'),
  ('TI.DD.312', 66, 'Programare Web', 3, 'impusa', 'domeniu', 'colocviu'),
  ('TI.DD.313', 67, 'Economie', 3, 'impusa', 'adiacenta', 'colocviu'),
  ('TI.DD.314', 68, 'Practica de Domeniu', 3, 'impusa', 'domeniu', 'colocviu'),
  ('TI.DS.315', 69, 'Practica de Specialitate', 3, 'impusa', 'specialitate', 'colocviu'),
  ('TI.DD.316', 70, 'Modelare si Simulare - Proiect', 3, 'optionala', 'domeniu', 'colocviu'),
  ('TI.DD.317', 71, 'Prelucrarea Imaginilor - Proiect', 3, 'optionala', 'domeniu', 'colocviu'),
  ('TI.DD.318', 72, 'Baze de Date - Proiect', 3, 'optionala', 'domeniu', 'colocviu'),
  ('TI.DD.319', 73, 'Structura si Organizarea Calculatoarelor - Proiect', 3, 'optionala', 'domeniu', 'colocviu'),
  ('TI.DD.320', 74, 'Achizitia si Prelucrarea Datelor - Proiect', 3, 'optionala', 'domeniu', 'colocviu'),
  ('TI.DD.321', 75, 'Retele de Calculatoare - Proiect', 3, 'optionala', 'domeniu', 'colocviu'),
  ('TI.DL.323', 51, 'Inginerie Software Specifica Automobilelor', 3, 'liber_aleasa', 'specialitate', 'colocviu'),
  ('TI.DL.324', 52, 'Testarea Produselor Software', 3, 'liber_aleasa', 'specialitate', 'colocviu'),

  ('TI.DD.401', 53, 'Algoritmi Paraleli si Distribuiti', 4, 'impusa', 'domeniu', 'examen'),
  ('TI.DD.402', 54, 'Inteligenta Artificiala', 4, 'impusa', 'domeniu', 'examen'),
  ('TI.DS.403', 2, 'Programare Orientata pe Servicii', 4, 'impusa', 'specialitate', 'examen'),
  ('TI.DS.404', 56, 'Managementul Proiectelor Software', 4, 'impusa', 'specialitate', 'examen'),
  ('TI.DS.405', 57, 'Practica pentru Proiectul de Diploma I', 4, 'impusa', 'specialitate', 'colocviu'),
  ('TI.DD.406', 58, 'Invatare Automata', 4, 'impusa', 'specialitate', 'examen'),
  ('TI.DS.407', 59, 'Extragerea Cunostintelor din Baze de Date', 4, 'impusa', 'specialitate', 'examen'),
  ('TI.DD.408', 60, 'Marketing', 4, 'impusa', 'adiacenta', 'colocviu'),
  ('TI.DS.409', 61, 'Practica pentru Proiectul de Diploma II', 4, 'impusa', 'specialitate', 'colocviu'),
  ('TI.DS.410', 62, 'Elaborarea Proiectului de Diploma', 4, 'impusa', 'specialitate', 'colocviu'),
  ('TI.DS.411', 63, 'Proiectarea Interfetelor Utilizator', 4, 'optionala', 'specialitate', 'colocviu'),
  ('TI.DS.412', 64, 'Proiectarea Aplicatiilor Web', 4, 'optionala', 'specialitate', 'colocviu'),
  ('TI.DS.413', 65, 'Evaluarea Performantelor', 4, 'optionala', 'specialitate', 'colocviu'),
  ('TI.DS.415', 66, 'Programarea Dispozitivelor Mobile', 4, 'optionala', 'specialitate', 'colocviu'),
  ('TI.DO.416', 67, 'Vizualizarea Datelor', 4, 'optionala', 'specialitate', 'colocviu'),
  ('TI.DO.417', 68, 'Securitatea Informationala', 4, 'optionala', 'specialitate', 'examen'),
  ('TI.DO.420', 69, 'Proiectarea Bazelor de Date', 4, 'optionala', 'specialitate', 'examen'),
  ('TI.DO.421', 70, 'Sisteme de Vedere Artificiala', 4, 'optionala', 'specialitate', 'colocviu');

INSERT INTO `join_ds` (`DisciplinaID`, `StudentID`) VALUES
    ('TI.DD.101', 3),
    ('TI.DD.102', 4),
    ('TI.DD.103', 5),
    ('TI.DD.104', 6),
    ('TI.DD.105', 7),
    ('TI.DD.106', 8),
    ('TI.DD.107', 9),
    ('TI.DD.108', 10),
    ('TI.DD.109', 11),
    ('TI.DD.110', 12),
    ('TI.DD.111', 13),
    ('TI.DD.112', 14),
    ('TI.DD.113', 15),
    ('TI.DD.114', 16),
    ('TI.DL.115', 17),
    ('TI.DL.116', 18),

    ('TI.DD.201', 19),
    ('TI.DD.202', 20),
    ('TI.DD.203', 21),
    ('TI.DD.204', 22),
    ('TI.DD.205', 23),
    ('TI.DS.206', 24),
    ('TI.DD.207', 25),
    ('TI.DD.208', 26),
    ('TI.DD.209', 27),
    ('TI.DD.210', 3),
    ('TI.DS.211', 4),
    ('TI.DS.212', 5),
    ('TI.DD.213', 6),
    ('TI.DD.214', 7),
    ('TI.DD.215', 8),
    ('TI.DL.219', 9),

    ('TI.DD.301', 10),
    ('TI.DD.302', 11),
    ('TI.DD.303', 12),
    ('TI.DD.304', 13),
    ('TI.DD.305', 14),
    ('TI.DD.306', 15),
    ('TI.DS.307', 16),
    ('TI.DD.308', 17),
    ('TI.DS.309', 18),
    ('TI.DD.310', 19),
    ('TI.DS.311', 20),
    ('TI.DD.312', 21),
    ('TI.DD.313', 22),
    ('TI.DD.314', 23),
    ('TI.DS.315', 24),

    ('TI.DD.401', 25),
    ('TI.DD.402', 26),
    ('TI.DS.403', 27),
    ('TI.DS.404', 3),
    ('TI.DS.405', 4),
    ('TI.DD.406', 5),
    ('TI.DS.407', 6),
    ('TI.DD.408', 7),
    ('TI.DS.409', 8),
    ('TI.DS.410', 9),
    ('TI.DS.411', 10),
    ('TI.DS.412', 11),

    ('TI.DD.101', 21),
    ('TI.DD.102', 21),
    ('TI.DD.103', 21),
    ('TI.DD.104', 21),
    ('TI.DD.105', 22),
    ('TI.DD.106', 22),
    ('TI.DD.107', 22),
    ('TI.DD.108', 22),

    ('TI.DD.105', 3),
    ('TI.DD.205', 3),
    ('TI.DS.212', 3),
    ('TI.DS.403', 3),
    ('TI.DD.408', 3),
    ('TI.DO.420', 3);

CREATE USER IF NOT EXISTS 'posadmin'@'%' IDENTIFIED BY 'passwdpos';
GRANT ALL PRIVILEGES ON study_service_db.* TO 'posadmin'@'%';
FLUSH PRIVILEGES;